Date,Price,Open,High,Low,Volume,Change %,Close,Adj Close,Return,LogReturn,MA7,MA21,STD21,Close_lag1,Volume_lag1,NextClose,Direction
2023-12-08,374.23,369.2,374.46,368.23,,0.88%,374.23,374.23,,,374.23,374.23,0.0,,,371.3,0
2023-12-11,371.3,368.48,371.6,366.1,,-0.78%,371.3,371.3,-0.007829409721294422,-0.007860220474963419,372.765,372.765,2.071822868876569,374.23,,374.38,1
2023-12-12,374.38,370.85,374.42,370.46,,0.83%,374.38,374.38,0.008295179100457739,0.008260963190148579,373.30333333333334,373.30333333333334,1.736557898065393,371.3,,374.37,0
2023-12-13,374.37,376.02,377.64,370.77,,0.00%,374.37,374.37,-2.671082856986473e-05,-2.6711185310398745e-05,373.57,373.57,1.5148817335576545,374.38,,365.93,0
2023-12-14,365.93,373.31,373.76,364.13,,-2.25%,365.93,365.93,-0.022544541496380632,-0.022802554909027505,372.04200000000003,372.04200000000003,3.6599275949122134,374.37,,370.73,1
2023-12-15,370.73,366.85,372.4,366.28,,1.31%,370.73,370.73,0.013117262864482226,0.013031976577452559,371.8233333333333,371.8233333333333,3.317068987323985,365.93,,372.65,1
2023-12-18,372.65,369.45,373.0,368.68,,0.52%,372.65,372.65,0.005178971218946282,0.005165606471404911,371.9414285714286,371.9414285714286,3.044133311641843,370.73,,373.26,1
2023-12-19,373.26,371.49,373.26,369.84,,0.16%,373.26,373.26,0.001636924728297462,0.0016355864272807094,371.80285714285714,372.10625,2.8566160675076353,372.65,,370.62,0
2023-12-20,370.62,375.0,376.03,370.53,,-0.71%,370.62,370.62,-0.00707281787493963,-0.0070979488191205455,371.70571428571424,371.9411111111111,2.7176572836012727,373.26,,373.54,1
2023-12-21,373.54,372.56,374.41,370.04,,0.79%,373.54,373.54,0.0078786897630998,0.00784781494959831,371.58571428571435,372.101,2.6116425227558646,370.62,,374.58,1
2023-12-22,374.58,373.68,375.18,372.71,,0.28%,374.58,374.58,0.002784173047063243,0.002780304416246806,371.61571428571426,372.3263636363636,2.5879114077853216,373.54,,374.66,1
2023-12-26,374.66,375.0,376.94,373.5,,0.02%,374.66,374.66,0.00021357253457221503,0.00021354973120517738,372.86285714285714,372.5208333333333,2.557784760058565,374.58,,374.07,0
2023-12-27,374.07,373.69,375.06,372.81,,-0.16%,374.07,374.07,-0.0015747611167459263,-0.0015760023563083502,373.34000000000003,372.64,2.48629912386529,374.66,,375.28,1
2023-12-28,375.28,375.37,376.46,374.16,,0.32%,375.28,375.28,0.003234688694629284,0.003229468343598034,373.7157142857142,372.8285714285715,2.490782568229867,374.07,,376.04,1
2023-12-29,376.04,376.0,377.16,373.48,,0.20%,376.04,376.04,0.0020251545512686153,0.00202310669014777,374.11285714285714,373.04266666666666,2.5393713132715843,375.28,,370.87,0
2024-01-02,370.87,373.86,375.9,366.77,,-1.37%,370.87,370.87,-0.013748537389639437,-0.013843923821519683,374.1485714285715,372.906875,2.5126764448823593,376.04,,370.6,0
2024-01-03,370.6,369.01,373.26,368.51,,-0.07%,370.6,370.6,-0.0007280179038476886,-0.0007282830375710583,373.7285714285714,372.7711764705882,2.496394606109329,370.87,,367.94,0
2024-01-04,367.94,370.67,373.1,367.17,,-0.72%,367.94,367.94,-0.007177549919050286,-0.0072034324536222605,372.78000000000003,372.5027777777778,2.6762062822883217,370.6,,367.75,0
2024-01-05,367.75,368.97,372.06,366.5,,-0.05%,367.75,367.75,-0.0005163885416100689,-0.0005165219160903672,371.79285714285714,372.2526315789474,2.820119859756288,367.94,,374.69,1
2024-01-08,374.69,369.3,375.2,369.01,,1.89%,374.69,374.69,0.01887151597552683,0.018695657944882964,371.88142857142856,372.3745,2.79848732635856,367.75,,375.79,1
2024-01-09,375.79,372.01,375.99,371.19,,0.29%,375.79,375.79,0.0029357602284556528,0.0029314593000031577,371.95428571428573,372.53714285714284,2.8276246972629577,374.69,,382.77,1
2024-01-10,382.77,376.37,384.17,376.32,,1.86%,382.77,382.77,0.018574203677585777,0.018403809875328525,372.91571428571433,372.94380952380953,3.593618616645998,375.79,,384.63,1
2024-01-11,384.63,386.0,390.68,380.38,,0.49%,384.63,384.63,0.004859314993338026,0.004847546630957421,374.88142857142856,373.5785714285715,4.379985485951148,382.77,,388.47,1
2024-01-12,388.47,385.49,388.68,384.65,,1.00%,388.47,388.47,0.009983620622416423,0.009934113516139488,377.4342857142857,374.2495238095238,5.4559329872996605,384.63,,390.27,1
2024-01-16,390.27,393.66,394.03,387.62,,0.46%,390.27,390.27,0.004633562437253769,0.004622860532718894,380.6242857142857,375.00666666666666,6.480534957342107,388.47,,389.47,0
2024-01-17,389.47,387.98,390.11,384.81,,-0.20%,389.47,389.47,-0.002049862915417422,-0.0020519667599570193,383.7271428571429,376.1276190476191,6.856973023690465,390.27,,393.87,1
2024-01-18,393.87,391.72,393.99,390.12,,1.13%,393.87,393.87,0.011297404164633873,0.01123406509250833,386.46714285714285,377.2295238095238,7.7476489828788955,389.47,,398.67,1
2024-01-19,398.67,395.76,398.67,393.5,,1.22%,398.67,398.67,0.012186762129636763,0.012113101397397462,389.7357142857143,378.4685714285714,8.963825235754113,393.87,,396.51,0
2024-01-22,396.51,400.02,400.62,393.59,,-0.54%,396.51,396.51,-0.005418014899541079,-0.005432745573701132,391.6985714285714,379.5757142857143,9.694395582721233,398.67,,398.9,1
2024-01-23,398.9,395.75,399.38,393.93,,0.60%,398.9,398.9,0.0060275907291114095,0.006009497473535819,393.7371428571429,380.92238095238093,10.331421927673755,396.51,,402.56,1
2024-01-24,402.56,401.54,405.63,400.45,,0.92%,402.56,402.56,0.009175231887691204,0.009133395160660125,395.75,382.3042857142857,11.19899485285553,398.9,,404.87,1
2024-01-25,404.87,404.32,407.01,402.53,,0.57%,404.87,404.87,0.005738275039745666,0.005721873852633294,397.8357142857143,383.74666666666667,12.071053944595397,402.56,,403.93,0
2024-01-26,403.93,404.37,406.17,402.43,,-0.23%,403.93,403.93,-0.0023217329019191713,-0.0023244323027543107,399.90142857142865,385.1404761904762,12.645571349761283,404.87,,409.72,1
2024-01-29,409.72,406.06,409.98,404.33,,1.43%,409.72,409.72,0.01433416681108124,0.014232403946433967,402.1657142857143,386.83809523809526,13.452298918418167,403.93,,408.59,0
2024-01-30,408.59,412.26,413.05,406.45,,-0.28%,408.59,408.59,-0.002757981060236392,-0.0027617912973210194,403.5828571428571,388.4242857142857,13.974989649881094,409.72,,397.58,0
2024-01-31,397.58,406.96,415.32,397.21,,-2.69%,397.58,397.58,-0.026946327614479015,-0.027316036564637654,403.7357142857143,389.45,13.810085807119295,408.59,,403.78,1
2024-02-01,403.78,401.83,408.0,401.8,,1.56%,403.78,403.78,0.015594345792041775,0.015474003475702406,404.43285714285713,391.01714285714286,13.459062427545568,397.58,,411.22,1
2024-02-02,411.22,403.81,412.65,403.56,,1.84%,411.22,411.22,0.01842587547674479,0.018258175908377746,405.67,392.95142857142855,13.295962276463479,403.78,,405.65,0
2024-02-05,405.65,409.9,411.16,403.99,,-1.35%,405.65,405.65,-0.01354506103788733,-0.013637632249381516,405.7814285714286,394.7471428571429,12.254831758476655,411.22,,405.49,0
2024-02-06,405.49,405.88,407.97,402.91,,-0.04%,405.49,405.49,-0.0003944286946874209,-0.0003945065021453527,406.0042857142857,396.5442857142857,10.775799539444012,405.65,,414.05,1
2024-02-07,414.05,407.44,414.3,407.4,,2.11%,414.05,414.05,0.021110261658733975,0.02089052714078063,406.6228571428572,398.41857142857145,10.191725705548512,405.49,,414.11,1
2024-02-08,414.11,414.05,415.56,412.53,,0.01%,414.11,414.11,0.0001449100350199295,0.0001448995365750125,407.4114285714286,400.24333333333334,9.33185208483977,414.05,,420.55,1
2024-02-09,420.55,415.25,420.82,415.09,,1.56%,420.55,420.55,0.015551423534809539,0.015431739392162159,410.6928571428571,402.04238095238094,9.435954061334426,414.11,,415.26,0
2024-02-12,415.26,420.56,420.74,414.75,,-1.26%,415.26,415.26,-0.012578765901795297,-0.012658548326619347,412.3328571428572,403.5009523809524,8.965441932644104,420.55,,406.32,0
2024-02-13,406.32,404.94,410.07,403.39,,-2.15%,406.32,406.32,-0.021528680826470192,-0.021763803588837453,411.6328571428571,404.35095238095244,8.289837094154086,415.26,,409.49,1
2024-02-14,409.49,408.07,409.84,404.57,,0.78%,409.49,409.49,0.00780173262453232,0.007771456477540805,412.18142857142857,405.2661904761905,7.697316724800818,406.32,,406.56,0
2024-02-15,406.56,408.14,409.13,404.29,,-0.72%,406.56,406.56,-0.00715524188624872,-0.007180963398676457,412.3342857142857,406.08000000000004,6.794188693287326,409.49,,404.06,0
2024-02-16,404.06,407.96,408.29,403.44,,-0.61%,404.06,404.06,-0.006149153876426561,-0.006168137786457456,410.90714285714284,406.56523809523804,6.218005000839846,406.56,,402.79,0
2024-02-20,402.79,403.24,404.49,398.01,,-0.31%,402.79,402.79,-0.003143097559768271,-0.003148047465649366,409.28999999999996,406.76142857142855,6.018226720316869,404.06,,402.18,0
2024-02-21,402.18,400.17,402.29,397.22,,-0.15%,402.18,402.18,-0.0015144368032969924,-0.0015155847218256773,406.6657142857143,407.0314285714286,5.6513177982781855,402.79,,411.65,1
2024-02-22,411.65,410.19,412.83,408.57,,2.35%,411.65,411.65,0.023546670644984724,0.023273724146513602,406.15,407.6385714285714,5.413953532967891,402.18,,410.34,0
2024-02-23,410.34,415.67,415.86,408.97,,-0.32%,410.34,410.34,-0.003182315073484765,-0.003187389406375361,406.7242857142857,408.00904761904764,5.31432677275415,411.65,,407.54,0
2024-02-26,407.54,411.45,412.16,407.36,,-0.68%,407.54,407.54,-0.006823609689525667,-0.006846996965269114,406.44571428571425,408.1361904761905,5.267201796200446,410.34,,407.48,0
2024-02-27,407.48,407.99,408.32,403.85,,-0.01%,407.48,407.48,-0.00014722481228834905,-0.0001472356509248496,406.57714285714286,408.3052380952381,5.181731003291138,407.54,,407.72,1
2024-02-28,407.72,408.18,409.3,405.32,,0.06%,407.72,407.72,0.0005889859625012317,0.000588812578346435,407.09999999999997,408.21,5.172800015464778,407.48,,413.64,1
2024-02-29,413.64,408.64,414.2,405.92,,1.45%,413.64,413.64,0.014519768468556737,0.014415366016562164,408.65000000000003,408.45047619047614,5.306992063485408,407.72,,415.5,1
2024-03-01,415.5,411.27,415.87,410.88,,0.45%,415.5,415.5,0.004496663765593212,0.004486583978728509,410.55285714285714,409.3038095238095,4.896529869396986,413.64,,414.92,0
2024-03-04,414.92,413.44,417.35,412.32,,-0.14%,414.92,414.92,-0.001395908543922908,-0.0013968837318755157,411.02000000000004,409.8342857142857,4.871548595085309,415.5,,402.65,0
2024-03-05,402.65,413.96,414.25,400.64,,-2.96%,402.65,402.65,-0.029571965680131207,-0.030018032322073486,409.9214285714285,409.4261904761905,5.103117161294344,414.92,,402.09,0
2024-03-06,402.09,402.97,405.16,398.39,,-0.14%,402.09,402.09,-0.0013907860424686724,-0.0013917540830389475,409.14285714285717,409.25666666666666,5.290522973518354,402.65,,409.14,1
2024-03-07,409.14,406.12,409.78,402.24,,1.75%,409.14,409.14,0.017533388047452192,0.017381451602101666,409.38,409.43047619047616,5.220077083903728,402.09,,406.22,0
2024-03-08,406.22,407.96,410.42,404.33,,-0.71%,406.22,406.22,-0.0071369213472159965,-0.007162510997276787,409.1657142857143,409.0576190476191,5.152823405436212,409.14,,404.52,0
2024-03-11,404.52,403.76,405.68,401.26,,-0.42%,404.52,404.52,-0.004184924425188474,-0.004193705729370112,407.86285714285714,408.6009523809523,5.107424893976553,406.22,,415.28,1
2024-03-12,415.28,407.62,415.57,406.79,,2.66%,415.28,415.28,0.026599426480767407,0.026251812485003988,407.83142857142855,408.35,4.594688237518669,404.52,,415.1,0
2024-03-13,415.1,418.1,418.18,411.45,,-0.04%,415.1,415.1,-0.0004334424966286887,-0.00043353645998041806,407.85714285714283,408.34238095238095,4.582774165024008,415.28,,425.22,1
2024-03-14,425.22,420.24,427.82,417.99,,2.44%,425.22,425.22,0.024379667549987882,0.024087226991226486,411.0814285714286,409.242380952381,5.847180435698147,415.1,,416.42,0
2024-03-15,416.42,419.29,422.6,412.79,,-2.07%,416.42,416.42,-0.020695169559286963,-0.020912315723171475,413.12857142857143,409.57238095238097,6.053760735907148,425.22,,417.32,1
2024-03-18,417.32,414.25,420.73,413.78,,0.22%,417.32,417.32,0.002161279477450595,0.00215894727272039,414.29714285714283,410.08476190476193,6.238582867163663,416.42,,421.41,1
2024-03-19,421.41,417.83,421.67,415.55,,0.98%,421.41,421.41,0.009800632608070625,0.009752917911159625,416.46714285714285,410.91095238095244,6.54227476093832,417.32,,425.23,1
2024-03-20,425.23,422.0,425.96,420.66,,0.91%,425.23,425.23,0.009064806245699053,0.009023967500901208,419.42571428571426,411.9795238095238,6.968262678881727,421.41,,429.37,1
2024-03-21,429.37,429.83,430.82,427.16,,0.97%,429.37,429.37,0.009735907626460927,0.00968881906437734,421.43857142857144,413.2742857142857,7.557536352163747,425.23,,428.74,0
2024-03-22,428.74,429.7,429.86,426.07,,-0.15%,428.74,428.74,-0.0014672659943638644,-0.0014683434832171145,423.3871428571429,414.08809523809526,8.2612623847973,429.37,,422.86,0
2024-03-25,422.86,425.24,427.41,421.61,,-1.37%,422.86,422.86,-0.013714605588468487,-0.0138095195962668,423.05,414.68428571428575,8.427345116599659,428.74,,421.65,0
2024-03-26,421.65,425.61,425.99,421.35,,-0.29%,421.65,421.65,-0.0028614671522491086,-0.002865568976072291,423.79714285714283,415.35619047619053,8.391670558470164,422.86,,421.43,0
2024-03-27,421.43,424.44,424.45,419.01,,-0.05%,421.43,421.43,-0.000521759753349893,-0.0005218959173353191,424.3842857142858,416.0204761904762,8.288524281311766,421.65,,420.72,0
2024-03-28,420.72,420.96,421.87,419.12,,-0.17%,420.72,420.72,-0.0016847400517285838,-0.0016861608222264114,424.2857142857143,416.63952380952384,8.121369020177235,421.43,,424.57,1
2024-04-01,424.57,423.95,427.89,422.22,,0.92%,424.57,424.57,0.00915097927362618,0.00910936275803653,424.1914285714286,417.16,8.268431532037356,420.72,,421.44,0
2024-04-02,421.44,420.11,422.38,417.84,,-0.74%,421.44,421.44,-0.007372164778481793,-0.007399473484209081,423.0585714285714,417.4428571428572,8.310300321201453,424.57,,420.45,0
2024-04-03,420.45,419.73,423.26,419.08,,-0.23%,420.45,420.45,-0.002349088838268787,-0.002351852276009238,421.8742857142857,417.7061904761905,8.313975268299409,421.44,,417.88,0
2024-04-04,417.88,424.99,428.67,417.57,,-0.61%,417.88,417.88,-0.0061124985134973775,-0.0061312563095996895,421.1628571428572,418.43142857142857,7.565512729295487,420.45,,425.52,1
2024-04-05,425.52,420.01,426.51,418.32,,1.83%,425.52,425.52,0.018282760601129544,0.018117640464754947,421.71571428571434,419.54714285714294,6.714923784270392,417.88,,424.59,0
2024-04-08,424.59,425.17,427.28,423.3,,-0.22%,424.59,424.59,-0.002185561195713448,-0.0021879530202048776,422.1671428571428,420.28285714285715,6.354364754132386,425.52,,426.28,1
2024-04-09,426.28,426.44,427.74,421.62,,0.40%,426.28,426.28,0.003980310417108335,0.003972409938898253,422.9614285714286,421.23809523809524,5.59731508765268,424.59,,423.26,0
2024-04-10,423.26,422.19,424.03,419.7,,-0.71%,423.26,423.26,-0.007084545369240858,-0.007109759920447812,422.77428571428567,422.1304761904762,4.08943086038784,426.28,,427.93,1
2024-04-11,427.93,425.82,429.37,422.36,,1.10%,427.93,427.93,0.011033407361905168,0.010972983371631011,423.70142857142855,422.73285714285714,3.9595089883164545,423.26,,421.9,0
2024-04-12,421.9,424.05,425.18,419.77,,-1.41%,421.9,421.9,-0.014091089664197476,-0.014191311673645719,423.9085714285714,423.0566666666667,3.5622006306945377,427.93,,413.64,0
2024-04-15,413.64,426.6,426.82,413.43,,-1.96%,413.64,413.64,-0.019578099075610367,-0.019772288813518706,423.30285714285714,422.50523809523804,4.070586713296217,421.9,,414.58,1
2024-04-16,414.58,414.57,418.4,413.73,,0.23%,414.58,414.58,0.002272507494439635,0.0022699292545909308,421.73999999999995,422.417619047619,4.224994561843437,413.64,,411.84,0
2024-04-17,411.84,417.25,418.88,410.33,,-0.66%,411.84,411.84,-0.006609098364609989,-0.0066310351636034,419.9185714285714,422.15666666666664,4.698307496675912,414.58,,404.27,0
2024-04-18,404.27,410.63,411.89,403.95,,-1.84%,404.27,404.27,-0.018380924630924667,-0.018551952839171586,416.77428571428567,421.3404761904762,6.110923396827432,411.84,,399.12,0
2024-04-19,399.12,404.03,405.48,397.77,,-1.27%,399.12,399.12,-0.012739011056966842,-0.012820848015808328,413.3257142857143,420.0971428571429,7.723423556206156,404.27,,400.96,1
2024-04-22,400.96,400.08,402.85,395.75,,0.46%,400.96,400.96,0.00461014231308865,0.004599548154921408,409.4728571428571,418.7442857142857,8.470050514269383,399.12,,407.57,1
2024-04-23,407.57,404.24,408.2,403.06,,1.65%,407.57,407.57,0.016485434956105438,0.01635102536197105,407.42571428571426,417.7361904761904,8.480696006926232,400.96,,409.06,1
2024-04-24,409.06,409.56,412.47,406.78,,0.37%,409.06,409.06,0.0036558137252495904,0.0036491474803457564,406.77142857142854,417.0790476190476,8.59766939627299,407.57,,399.04,0
2024-04-25,399.04,394.03,399.89,388.03,,-2.45%,399.04,399.04,-0.02449518408057494,-0.024800182058348587,404.5514285714285,416.0023809523809,9.377015999112386,409.06,,406.32,1
2024-04-26,406.32,412.17,413.0,405.76,,1.82%,406.32,406.32,0.018243785084202102,0.018079364001317953,403.7628571428572,415.2828571428571,9.51836653153063,399.04,,402.25,0
2024-04-29,402.25,405.25,406.32,399.19,,-1.00%,402.25,402.25,-0.01001673557786964,-0.010067240620496958,403.4742857142857,414.4033333333333,9.838785663552427,406.32,,389.33,0
2024-04-30,389.33,401.49,402.16,389.17,,-3.21%,389.33,389.33,-0.03211932877563706,-0.03264647283291663,402.07571428571424,412.72523809523807,10.959491146511711,402.25,,394.94,1
2024-05-01,394.94,392.61,401.72,390.31,,1.44%,394.94,394.94,0.014409369943235939,0.014306541589587678,401.2157142857142,411.4633333333333,11.421768835575616,389.33,,397.84,1
2024-05-02,397.84,397.66,399.93,394.65,,0.73%,397.84,397.84,0.007342887527219233,0.007316059777319481,399.8257142857143,410.3866666666667,11.596610855475276,394.94,,406.66,1
2024-05-03,406.66,402.28,407.15,401.86,,2.22%,406.66,406.66,0.022169716468932288,0.021927541075712598,399.48285714285714,409.85238095238094,11.492108120254223,397.84,,413.54,1
2024-05-06,413.54,408.76,413.93,406.37,,1.69%,413.54,413.54,0.016918310136231796,0.016776789490428302,401.55428571428575,409.28190476190474,10.960522167783365,406.66,,409.34,0
2024-05-07,409.34,414.66,414.67,409.09,,-1.02%,409.34,409.34,-0.01015621221647256,-0.010208138421320798,401.9857142857143,408.5557142857143,10.385692356038692,413.54,,410.54,1
2024-05-08,410.54,408.17,412.23,406.71,,0.29%,410.54,410.54,0.0029315483461183067,0.0029272597377296736,403.17,407.80619047619047,9.579252828999767,409.34,,412.32,1
2024-05-09,412.32,410.57,412.72,409.1,,0.43%,412.32,412.32,0.00433575291080035,0.004326380615022106,406.45428571428573,407.28523809523807,8.975234603645283,410.54,,414.74,1
2024-05-10,414.74,412.94,415.38,411.8,,0.59%,414.74,414.74,0.005869227784245368,0.005852070965639534,409.28285714285715,406.65714285714284,7.849138260252983,412.32,,413.72,0
2024-05-13,413.72,418.01,418.35,410.82,,-0.25%,413.72,413.72,-0.002459372136760285,-0.002462401360091368,411.5514285714285,406.26761904761906,7.233714056251814,414.74,,416.56,1
2024-05-14,416.56,412.02,417.49,411.55,,0.69%,416.56,416.56,0.006864546069805577,0.006841092345040668,412.96571428571434,406.40666666666664,7.408466328014817,413.72,,423.08,1
2024-05-15,423.08,417.9,423.81,417.27,,1.57%,423.08,423.08,0.015652006913769778,0.015530777605208343,414.3285714285715,406.8114285714285,8.07918206609671,416.56,,420.99,0
2024-05-16,420.99,421.8,425.42,420.35,,-0.49%,420.99,420.99,-0.0049399640729884675,-0.0049522060286979926,415.99285714285713,407.2471428571429,8.594248741371588,423.08,,420.21,0
2024-05-17,420.21,422.54,422.92,418.02,,-0.19%,420.21,420.21,-0.0018527756003706708,-0.0018544941120891172,417.3742857142857,408.0061904761905,9.011923477365983,420.99,,425.34,1
2024-05-20,425.34,420.21,426.77,419.99,,1.22%,425.34,425.34,0.012208181623474035,0.01213426277591618,419.23428571428576,409.25476190476195,9.52117199668566,420.21,,429.04,1
2024-05-21,429.04,426.82,432.97,424.85,,0.87%,429.04,429.04,0.008698923214369714,0.008661305579688625,421.27714285714285,410.5919047619047,10.242460455890019,425.34,,430.52,1
2024-05-22,430.52,430.09,432.41,427.13,,0.34%,430.52,430.52,0.0034495618124184,0.0034436257214277106,423.6771428571429,411.68476190476184,11.09296156084886,429.04,,427.0,0
2024-05-23,427.0,432.97,433.6,425.42,,-0.82%,427.0,427.0,-0.008176159063458144,-0.008209767167472933,425.1685714285714,412.5390476190476,11.561611438186848,430.52,,430.16,1
2024-05-24,430.16,427.19,431.06,424.41,,0.74%,430.16,430.16,0.007400468384074932,0.007373219272798081,426.17999999999995,414.02095238095234,11.73791715116496,427.0,,430.32,1
2024-05-28,430.32,429.63,430.82,426.6,,0.04%,430.32,430.32,0.00037195462153616354,0.00037188546356447584,427.5128571428572,415.16380952380945,12.11300890620897,430.16,,429.17,0
2024-05-29,429.17,425.69,430.94,425.69,,-0.27%,429.17,429.17,-0.0026724298196689755,-0.0026760071350771532,428.79285714285714,416.44571428571425,12.10247436329771,430.32,,414.67,0
2024-05-30,414.67,424.3,424.3,414.24,,-3.38%,414.67,414.67,-0.03378614535032742,-0.0343700876459951,427.2685714285714,417.6523809523809,10.40843883815489,429.17,,415.13,1
2024-05-31,415.13,416.75,416.75,404.51,,0.11%,415.13,415.13,0.001109315841512526,0.0011087010053507313,425.28142857142853,418.6138095238095,9.049339465502245,414.67,,413.52,0
2024-06-03,413.52,415.52,416.43,408.92,,-0.39%,413.52,413.52,-0.0038783031821357783,-0.003885843301481734,422.8528571428571,419.3604761904763,7.811846437424133,415.13,,416.07,1
2024-06-04,416.07,412.43,416.44,409.68,,0.62%,416.07,416.07,0.00616656993615794,0.006147634448569659,421.2914285714286,419.8085714285714,7.300025538115195,413.52,,424.01,1
2024-06-05,424.01,417.81,424.08,416.3,,1.91%,424.01,424.01,0.01908332732472906,0.018903524523145213,420.4128571428572,420.3071428571429,7.2074420863828275,416.07,,424.52,1
2024-06-06,424.52,424.01,425.31,420.58,,0.12%,424.52,424.52,0.001202801820711752,0.001202079034123092,419.5842857142857,421.03,6.80235767951015,424.01,,423.85,0
2024-06-07,423.85,426.2,426.28,423.0,,-0.16%,423.85,423.85,-0.0015782530858380328,-0.001579499839207087,418.82428571428574,421.66380952380956,6.3832503289386455,424.52,,427.87,1
2024-06-10,427.87,424.7,428.08,423.89,,0.95%,427.87,427.87,0.009484487436593136,0.009439792071799598,420.71,422.4042857142857,6.1425292603516395,423.85,,432.68,1
2024-06-11,432.68,425.48,432.82,425.25,,1.12%,432.68,432.68,0.011241732301867424,0.011179013635874695,423.21714285714285,423.25857142857143,6.269515360626609,427.87,,441.06,1
2024-06-12,441.06,435.32,443.4,433.25,,1.94%,441.06,441.06,0.019367662013497267,0.01918249585196244,427.15142857142865,424.5604761904762,6.987305973112571,432.68,,441.58,1
2024-06-13,441.58,440.85,443.39,439.37,,0.12%,441.58,441.58,0.0011789779168367431,0.0011782834681454038,430.7957142857143,425.7519047619048,7.6560300541772754,441.06,,442.57,1
2024-06-14,442.57,438.27,443.14,436.72,,0.22%,442.57,442.57,0.002241949363648743,0.00223943994513376,433.44714285714286,426.68,8.455520681778813,441.58,,448.37,1
2024-06-17,448.37,442.58,450.94,440.72,,1.31%,448.37,448.37,0.01310527148247731,0.013020140382955866,436.85428571428565,427.9838095238095,9.57156804091648,442.57,,446.34,0
2024-06-18,446.34,449.7,450.14,444.89,,-0.45%,446.34,446.34,-0.004527510761201725,-0.004537790978981311,440.0671428571428,429.2280952380953,10.188971301876594,448.37,,445.7,0
2024-06-20,445.7,446.3,446.53,441.27,,-0.14%,445.7,445.7,-0.0014338844826813357,-0.0014349134787948383,442.61428571428576,430.197619047619,10.753533328520788,446.34,,449.78,1
2024-06-21,449.78,447.38,450.58,446.51,,0.92%,449.78,449.78,0.009154139555755059,0.009112494377829196,445.0571428571429,431.18523809523816,11.563770846504362,445.7,,447.67,0
2024-06-24,447.67,449.8,452.75,446.41,,-0.47%,447.67,447.67,-0.004691182355818335,-0.004702220486551524,446.0014285714286,432.0019047619048,12.10726006123863,449.78,,450.95,1
2024-06-25,450.95,448.25,451.42,446.75,,0.73%,450.95,450.95,0.007326825563473083,0.00730011476792948,447.34,433.14238095238096,12.724802122139526,447.67,,452.16,1
2024-06-26,452.16,449.0,453.6,448.19,,0.27%,452.16,452.16,0.002683224304246723,0.0026796308844455833,448.71000000000004,434.19,13.356907201893229,450.95,,452.85,1
2024-06-27,452.85,452.18,456.17,451.77,,0.15%,452.85,452.85,0.0015260084925690087,0.0015248453247948873,449.35,435.2628571428572,13.923337654045394,452.16,,446.95,0
2024-06-28,446.95,453.07,455.38,446.41,,-1.30%,446.95,446.95,-0.013028596665562664,-0.013114213287096015,449.4371428571429,436.10952380952386,14.074088416728495,452.85,,456.73,1
2024-07-01,456.73,448.66,457.37,445.66,,2.19%,456.73,456.73,0.02188164224186151,0.02164567513555371,451.0128571428571,438.112380952381,13.861655710902813,446.95,,459.28,1
2024-07-02,459.28,453.2,459.59,453.11,,0.56%,459.28,459.28,0.005583167297965819,0.0055676391899659,452.37,440.21476190476193,13.546158355432745,456.73,,460.77,1
2024-07-03,460.77,458.19,461.02,457.88,,0.32%,460.77,460.77,0.003244208326075526,0.003238957236265132,454.24142857142857,442.4647619047618,12.793676414168793,459.28,,467.56,1
2024-07-05,467.56,459.61,468.35,458.96,,1.47%,467.56,467.56,0.014736202443735635,0.014628679643923122,456.61428571428576,444.9166666666667,12.410483605940358,460.77,,466.24,0
2024-07-08,466.24,466.55,467.7,464.46,,-0.28%,466.24,466.24,-0.0028231670801608377,-0.0028271597327295377,458.62571428571425,446.92761904761903,12.274109704886902,467.56,,459.54,0
2024-07-09,459.54,467.0,467.33,458.0,,-1.44%,459.54,459.54,-0.014370281400137297,-0.01447453385728289,459.58142857142855,448.5952380952381,11.42726153505094,466.24,,466.25,1
2024-07-10,466.25,461.22,466.46,458.86,,1.46%,466.25,466.25,0.014601558079818888,0.014495981808468086,462.3385714285714,450.6142857142857,10.548465088071488,459.54,,454.7,0
2024-07-11,454.7,462.98,464.78,451.55,,-2.48%,454.7,454.7,-0.024772117962466478,-0.02508411012706041,462.04857142857145,451.89190476190475,9.193786825375744,466.25,,453.55,0
2024-07-12,453.55,454.32,456.36,450.64,,-0.25%,453.55,453.55,-0.002529140092368598,-0.0025323437700117343,461.22999999999996,452.88571428571424,8.072872829065341,454.7,,453.96,1
2024-07-15,453.96,453.3,457.26,451.43,,0.09%,453.96,453.96,0.0009039797155769858,0.0009035713719849185,460.2571428571428,453.5,7.605286976832319,453.55,,449.52,0
2024-07-16,449.52,454.22,454.3,446.66,,-0.98%,449.52,449.52,-0.009780597409463354,-0.009828741628995392,457.67999999999995,453.8780952380953,7.1678439010940505,453.96,,443.52,0
2024-07-17,443.52,442.59,444.85,439.18,,-1.33%,443.52,443.52,-0.013347570742124892,-0.013437450242459003,454.4342857142857,453.9233333333333,7.095540383459762,449.52,,440.37,0
2024-07-18,440.37,444.34,444.65,434.4,,-0.71%,440.37,440.37,-0.007102272727272707,-0.007127613924232124,451.69571428571436,453.54238095238094,7.605062724763964,443.52,,437.11,0
2024-07-19,437.11,433.1,441.14,432.0,,-0.74%,437.11,437.11,-0.007402865771964473,-0.00743040296974103,447.5328571428571,453.10285714285715,8.27898432348721,440.37,,442.94,1
2024-07-22,442.94,441.79,444.6,438.91,,1.33%,442.94,442.94,0.01333760380682203,0.013249441024188627,445.8528571428571,452.97142857142853,8.423034658430327,437.11,,444.85,1
2024-07-23,444.85,443.89,448.39,443.1,,0.43%,444.85,444.85,0.004312096446471347,0.004302825999077189,444.61000000000007,452.7366666666666,8.583604332290085,442.94,,428.9,0
2024-07-24,428.9,440.45,441.48,427.58,,-3.59%,428.9,428.9,-0.03585478251095886,-0.0365133551679417,441.03000000000003,451.8428571428571,9.998259920033481,444.85,,418.4,0
2024-07-25,418.4,428.8,429.8,417.51,,-2.45%,418.4,418.4,-0.024481231056190267,-0.02478587877212164,436.5842857142857,450.2928571428572,12.382404912962148,428.9,,425.27,1
2024-07-26,425.27,418.2,428.92,417.27,,1.64%,425.27,425.27,0.016419694072657753,0.01628634857747003,433.9771428571429,449.01238095238097,13.517958760389739,418.4,,426.73,1
2024-07-29,426.73,431.58,432.15,424.7,,0.34%,426.73,426.73,0.003433113081101613,0.0034272334016145676,432.0285714285714,447.7685714285714,14.324791546724938,425.27,,422.92,0
2024-07-30,422.92,427.72,429.05,417.36,,-0.89%,422.92,422.92,-0.008928362196236495,-0.008968458865471768,430.0014285714286,446.62428571428563,15.318742301973286,426.73,,418.35,0
2024-07-31,418.35,420.5,421.77,412.21,,-1.08%,418.35,418.35,-0.010805826160976029,-0.010864633122718079,426.48857142857145,444.7966666666666,16.310185570167942,422.92,,417.11,0
2024-08-01,417.11,420.79,427.46,413.09,,-0.30%,417.11,417.11,-0.002964025337635956,-0.002968426760173963,422.5257142857143,442.7885714285714,17.01844037675384,418.35,,408.49,0
2024-08-02,408.49,412.49,415.0,404.34,,-2.07%,408.49,408.49,-0.020666011363908776,-0.020882541785172955,419.61,440.29904761904766,18.049174746996144,417.11,,395.15,0
2024-08-05,395.15,389.17,401.04,385.58,,-3.27%,395.15,395.15,-0.03265685818502295,-0.03320199454527645,416.2885714285714,436.8509523809523,19.443578092717544,408.49,,399.61,1
2024-08-06,399.61,400.0,405.67,398.5,,1.13%,399.61,399.61,0.011286853093761984,0.011223631835318555,412.6228571428572,433.67809523809524,19.840387501015815,395.15,,398.43,0
2024-08-07,398.43,408.63,410.08,397.47,,-0.30%,398.43,398.43,-0.0029528790570806374,-0.002957247406033707,408.58,430.76809523809527,20.33295296287448,399.61,,402.69,1
2024-08-08,402.69,402.44,405.86,399.94,,1.07%,402.69,402.69,0.010691965966418193,0.010635211087385377,405.69,427.7414285714286,19.500792877653314,398.43,,406.02,1
2024-08-09,406.02,404.03,408.05,402.26,,0.83%,406.02,406.02,0.008269388363256969,0.0082353843045346,403.92857142857144,425.4233333333333,19.023445359169983,402.69,,406.81,1
2024-08-12,406.81,407.06,408.76,404.24,,0.19%,406.81,406.81,0.00194571695975565,0.0019438265043088651,402.45714285714286,423.1976190476191,18.288174295090606,406.02,,414.01,1
2024-08-13,414.01,409.59,414.95,409.57,,1.77%,414.01,414.01,0.01769867997345198,0.01754388214647093,403.2457142857143,421.29523809523806,16.957645066178,406.81,,416.86,1
2024-08-14,416.86,414.8,417.72,412.45,,0.69%,416.86,416.86,0.006883891693437505,0.006860305890555828,406.3471428571429,419.73999999999995,15.689924474005467,414.01,,421.03,1
2024-08-15,421.03,419.8,421.11,417.66,,1.00%,421.03,421.03,0.010003358441682986,0.009953656037424785,409.40714285714284,418.66904761904766,14.723390541842436,416.86,,418.47,0
2024-08-16,418.47,420.6,421.34,417.3,,-0.61%,418.47,418.47,-0.006080326817566317,-0.006098887278695847,412.27000000000004,417.62619047619046,13.859715536831976,421.03,,421.53,1
2024-08-19,421.53,418.96,421.75,416.46,,0.73%,421.53,421.53,0.007312352139938305,0.007285746514104966,414.9614285714286,416.8842857142857,13.164148879220523,418.47,,424.8,1
2024-08-20,424.8,421.7,425.86,421.64,,0.78%,424.8,424.8,0.007757454985410472,0.007727520641370719,417.64428571428573,416.0204761904762,11.903749609341693,421.53,,424.14,0
2024-08-21,424.14,424.07,426.4,421.72,,-0.16%,424.14,424.14,-0.001553672316384258,-0.0015548805168114723,420.12,415.03428571428566,10.120144056004536,424.8,,415.55,0
2024-08-22,415.55,424.36,426.79,414.61,,-2.03%,415.55,415.55,-0.020252746734568672,-0.020460645411882226,420.34000000000003,414.3985714285715,9.612147151242613,424.14,,416.79,1
2024-08-23,416.79,416.98,419.26,412.09,,0.30%,416.79,416.79,0.0029839971122609388,0.0029795538298447027,420.33000000000004,414.32190476190476,9.58501831977774,415.55,,413.49,0
2024-08-26,413.49,416.37,417.28,411.34,,-0.79%,413.49,413.49,-0.007917656373713444,-0.007949167454422871,419.2528571428571,413.76095238095246,9.251147985391764,416.79,,413.84,1
2024-08-27,413.84,412.86,414.36,410.25,,0.08%,413.84,413.84,0.0008464533604197744,0.0008460953208024044,418.5914285714286,413.1471428571428,8.762342234161522,413.49,,410.6,0
2024-08-28,410.6,414.88,415.0,407.31,,-0.78%,410.6,410.6,-0.007829112700560525,-0.007859921110426365,417.03000000000003,412.5604761904762,8.483290326394844,413.84,,413.12,1
2024-08-29,413.12,414.94,422.05,410.6,,0.61%,413.12,413.12,0.006137359961032596,0.006118603073444443,415.3614285714285,412.3114285714286,8.380979230205892,410.6,,417.14,1
2024-08-30,417.14,415.6,417.49,412.13,,0.97%,417.14,417.14,0.009730828814872083,0.009683789210211182,414.3614285714285,412.3128571428571,8.381840575229948,413.12,,409.44,0
2024-09-03,409.44,417.91,419.88,407.03,,-1.85%,409.44,409.44,-0.018459030541305044,-0.018631524457010256,413.4885714285714,412.35809523809525,8.362718229766912,417.14,,408.9,0
2024-09-04,408.9,405.91,411.24,404.37,,-0.13%,408.9,408.9,-0.0013188745603751606,-0.0013197450408820716,412.3614285714285,413.0128571428572,7.434843739351267,409.44,,408.39,0
2024-09-05,408.39,407.62,413.1,406.13,,-0.12%,408.39,408.39,-0.0012472487160675172,-0.0012480271781052238,411.6328571428571,413.43095238095236,6.868774930627601,408.9,,401.7,0
2024-09-06,401.7,409.06,410.65,400.8,,-1.64%,401.7,401.7,-0.016381400132226553,-0.016517058827254908,409.8985714285714,413.58666666666664,6.540943611844734,408.39,,405.72,1
2024-09-09,405.72,407.24,408.65,402.15,,1.00%,405.72,405.72,0.010007468259895624,0.0099577251425586,409.20142857142855,413.7309523809523,6.318183207823121,401.7,,414.2,1
2024-09-10,414.2,408.2,416.33,407.7,,2.09%,414.2,414.2,0.020901114068815785,0.0206856824536887,409.3557142857143,414.1204761904762,6.066150736826741,405.72,,423.04,1
2024-09-11,423.04,415.5,423.99,409.58,,2.13%,423.04,423.04,0.02134234669241919,0.021117788261783052,410.1985714285715,414.89333333333326,6.121825980320894,414.2,,427.0,1
2024-09-12,427.0,423.31,427.37,419.75,,0.94%,427.0,427.0,0.009360816944024242,0.009317276005357816,412.7071428571429,415.51190476190476,6.660671602058943,423.04,,430.59,1
2024-09-13,430.59,425.82,431.83,425.46,,0.84%,430.59,430.59,0.008407494145199035,0.008372348022774062,415.80571428571426,416.1657142857143,7.429151076286149,427.0,,431.34,1
2024-09-16,431.34,430.6,433.53,428.22,,0.17%,431.34,431.34,0.0017417961401797744,0.0017402809724365456,419.0842857142857,416.65666666666664,8.078928353026221,430.59,,435.15,1
2024-09-17,435.15,440.23,441.85,432.27,,0.88%,435.15,435.15,0.00883293921268602,0.00879415701168752,423.86285714285714,417.45095238095234,9.030083557067245,431.34,,430.81,0
2024-09-18,430.81,435.0,436.03,430.41,,-1.00%,430.81,430.81,-0.009973572331379965,-0.010023641595028616,427.44714285714286,417.89285714285717,9.456671794482897,435.15,,438.69,1
2024-09-19,438.69,441.23,441.5,436.9,,1.83%,438.69,438.69,0.018291126018430415,0.01812585565140335,430.94571428571425,418.5542857142857,10.40239903648588,430.81,,435.27,0
2024-09-20,435.27,437.22,439.24,434.22,,-0.78%,435.27,435.27,-0.007795937906038497,-0.007826485096194014,432.6928571428571,419.0842857142857,10.969307440047531,438.69,,433.51,0
2024-09-23,433.51,434.28,436.46,430.39,,-0.40%,433.51,433.51,-0.004043467273186718,-0.004051664190420563,433.6228571428571,419.9395238095238,11.37269558028794,435.27,,429.17,0
2024-09-24,429.17,433.0,433.35,426.1,,-1.00%,429.17,429.17,-0.010011303084127232,-0.010061753175372987,433.42,420.5290476190477,11.521171774069462,433.51,,432.11,1
2024-09-25,432.11,429.83,433.12,428.57,,0.69%,432.11,432.11,0.006850432229652537,0.006827074631207908,433.53000000000003,421.4157142857143,11.667922939164498,429.17,,431.31,0
2024-09-26,431.31,435.08,435.3,429.13,,-0.19%,431.31,431.31,-0.001851380435537231,-0.0018530963585069932,432.9814285714286,422.2476190476191,11.723439301144264,432.11,,428.02,0
2024-09-27,428.02,431.52,431.85,427.47,,-0.76%,428.02,428.02,-0.007627924230831695,-0.007657165640615848,432.5828571428571,423.0771428571429,11.471668641857022,431.31,,430.3,1
2024-09-30,430.3,428.21,430.42,425.37,,0.53%,430.3,430.3,0.005326853885332605,0.005312716382559086,431.38428571428574,423.8952380952381,11.337887201347087,428.02,,420.69,0
2024-10-01,420.69,428.45,428.48,418.81,,-2.23%,420.69,420.69,-0.022333255867999058,-0.022586419437884826,429.3014285714285,424.06428571428575,11.25831673538631,430.3,,417.13,0
2024-10-02,417.13,422.58,422.82,416.71,,-0.85%,417.13,417.13,-0.008462288145665409,-0.008498296592468231,426.9614285714286,424.43047619047616,10.877482464334214,420.69,,416.54,0
2024-10-03,416.54,417.63,419.55,414.29,,-0.14%,416.54,416.54,-0.0014144271570013522,-0.001415428403330617,425.15714285714284,424.7942857142857,10.451499687330955,417.13,,416.06,0
2024-10-04,416.06,418.24,419.75,414.97,,-0.12%,416.06,416.06,-0.001152350314495676,-0.0011530147806335601,422.86428571428576,425.1595238095238,9.972619252829112,416.54,,409.54,0
2024-10-07,409.54,416.0,417.11,409.0,,-1.57%,409.54,409.54,-0.0156708167091284,-0.01579490200982246,419.75428571428574,425.53285714285715,9.164485879118601,416.06,,414.71,1
2024-10-08,414.71,410.9,415.66,408.17,,1.26%,414.71,414.71,0.012623919519460847,0.012544902158405345,417.8528571428572,425.9609523809524,8.36807140550388,409.54,,417.46,1
2024-10-09,417.46,415.86,420.38,414.3,,0.66%,417.46,417.46,0.006631139832654176,0.0066092505389408794,416.01857142857136,426.1161904761905,8.166800154399352,414.71,,415.84,0
2024-10-10,415.84,415.23,417.35,413.15,,-0.39%,415.84,415.84,-0.0038806113160542166,-0.0038881604245801747,415.32571428571424,425.7733333333334,8.44867169046863,417.46,,416.32,1
2024-10-11,416.32,416.13,417.13,413.25,,0.12%,416.32,416.32,0.001154290111581524,0.001153624430960471,415.21000000000004,425.26476190476194,8.689160845010823,415.84,,419.14,1
2024-10-14,419.14,417.77,424.04,417.52,,0.68%,419.14,419.14,0.006773635664873101,0.006750797667656345,415.5814285714286,424.7195238095238,8.697533832178987,416.32,,418.74,0
2024-10-15,418.74,422.18,422.48,415.26,,-0.10%,418.74,418.74,-0.0009543350670420114,-0.0009547907346815768,415.9642857142857,424.1195238095238,8.652473332053582,419.14,,416.12,0
2024-10-16,416.12,415.17,416.36,410.48,,-0.63%,416.12,416.12,-0.006256865835602032,-0.0062765220544207835,416.9042857142857,423.2133333333334,8.433214294284676,418.74,,416.72,1
2024-10-17,416.72,422.36,422.5,415.59,,0.14%,416.72,416.72,0.0014418917619918314,0.0014408532342417256,417.1914285714285,422.54238095238094,8.35877497290203,416.12,,418.16,1
2024-10-18,418.16,417.14,419.65,416.26,,0.35%,418.16,418.16,0.00345555768861594,0.0034496009677303843,417.2914285714286,421.56476190476195,7.535819543385498,416.72,,418.78,1
2024-10-21,418.78,416.12,418.96,413.75,,0.15%,418.78,418.78,0.0014826860531853558,0.0014815879595039864,417.7114285714286,420.7795238095238,6.865654722013022,418.16,,427.51,1
2024-10-22,427.51,418.49,430.58,418.04,,2.08%,427.51,427.51,0.020846267730073142,0.02063195755192587,419.31,420.49380952380955,6.419751923703892,418.78,,424.6,0
2024-10-23,424.6,430.86,431.08,422.53,,-0.68%,424.6,424.6,-0.006806858319103548,-0.0068301306469403964,420.09000000000003,420.27619047619044,6.1840694337871005,427.51,,424.73,1
2024-10-24,424.73,425.32,425.98,422.4,,0.03%,424.73,424.73,0.0003061705134244086,0.00030612365279741416,420.94571428571436,419.9247619047619,5.665942656828735,424.6,,428.15,1
2024-10-25,428.15,426.76,432.52,426.56,,0.81%,428.15,428.15,0.008052174322510597,0.008019928550247753,422.66428571428565,419.7742857142857,5.383370293253197,424.73,,426.59,0
2024-10-28,426.59,431.65,431.94,426.3,,-0.36%,426.59,426.59,-0.003643582856475591,-0.003650236872380932,424.07428571428574,419.7061904761905,5.281942328528406,428.15,,431.95,1
2024-10-29,431.95,428.0,433.17,425.8,,1.26%,431.95,431.95,0.012564757729904619,0.012486476205073024,426.04428571428565,419.78476190476187,5.456788083705602,426.59,,432.53,1
2024-10-30,432.53,437.44,438.5,432.1,,0.13%,432.53,432.53,0.0013427480032410788,0.0013418473233082768,428.00857142857143,420.3485714285714,6.125670808747223,431.95,,406.35,0
2024-10-31,406.35,415.36,416.16,406.3,,-6.05%,406.35,406.35,-0.06052759346172509,-0.062436830928987566,424.9857142857143,419.83523809523814,6.821084678441648,432.53,,410.37,1
2024-11-01,410.37,409.01,415.5,407.5,,0.99%,410.37,410.37,0.009892949427833031,0.009844334570248713,422.95285714285717,419.5414285714285,7.0974053609145225,406.35,,408.46,0
2024-11-04,408.46,409.8,410.42,405.57,,-0.47%,408.46,408.46,-0.004654336330628506,-0.004665201480450853,420.6285714285714,419.17952380952386,7.467899621841492,410.37,,411.46,1
2024-11-05,411.46,408.37,414.9,408.08,,0.73%,411.46,411.46,0.007344660431866101,0.007317819757072832,418.2442857142857,419.27095238095234,7.3548813075137085,408.46,,420.18,1
2024-11-06,420.18,412.42,420.45,410.52,,2.12%,420.18,420.18,0.021192825548048466,0.02097138084939681,417.3285714285715,419.5314285714286,7.281774705189544,411.46,,425.43,1
2024-11-07,425.43,421.28,426.85,419.88,,1.25%,425.43,425.43,0.012494645152077766,0.0124172312458831,416.3971428571429,419.9109523809523,7.375508053525146,420.18,,422.54,0
2024-11-08,422.54,425.32,426.5,421.78,,-0.68%,422.54,422.54,-0.006793126953905437,-0.00681630526927575,414.96999999999997,420.2300000000001,7.3354072824891645,425.43,,418.01,0
2024-11-11,418.01,422.52,424.81,416.0,,-1.07%,418.01,418.01,-0.01072087849671044,-0.010778761188517328,416.6357142857143,420.31047619047615,7.299548942359369,422.54,,423.03,1
2024-11-12,423.03,418.25,424.44,417.2,,1.20%,423.03,423.03,0.012009282074591399,0.01193774283367698,418.4442857142857,420.49571428571426,7.317696065995132,418.01,,425.2,1
2024-11-13,425.2,421.64,429.33,418.21,,0.51%,425.2,425.2,0.005129659834999911,0.005116547950544451,420.83571428571435,420.8033333333334,7.375751035205032,423.03,,426.89,1
2024-11-14,426.89,425.0,428.17,420.0,,0.40%,426.89,426.89,0.00397460018814666,0.00396672233213823,423.04,421.31619047619046,7.408186334177837,425.2,,415.0,0
2024-11-15,415.0,419.82,422.8,413.64,,-2.79%,415.0,415.0,-0.02785260840029047,-0.028247848569232886,422.3,421.2342857142857,7.470786151020538,426.89,,415.76,1
2024-11-18,415.76,414.87,418.4,412.1,,0.18%,415.76,415.76,0.001831325301204778,0.0018296504694880775,420.9185714285714,421.12,7.538219949032703,415.0,,417.79,1
2024-11-19,417.79,413.11,417.94,411.55,,0.49%,417.79,417.79,0.004882624591110218,0.004870743238754795,420.23999999999995,421.07285714285706,7.556658747658654,415.76,,415.49,0
2024-11-20,415.49,416.87,417.29,410.58,,-0.55%,415.49,415.49,-0.005505158093779161,-0.005520367321750931,419.88,420.5004761904761,7.4997109785577525,417.79,,412.87,0
2024-11-21,412.87,419.5,419.78,410.29,,-0.63%,412.87,412.87,-0.006305807600664237,-0.00632577318241154,418.42857142857144,419.94190476190477,7.615048666323241,415.49,,417.0,1
2024-11-22,417.0,411.36,417.4,411.06,,1.00%,417.0,417.0,0.010003148690871155,0.009953448364022656,417.25714285714287,419.5738095238095,7.558647019268732,412.87,,418.79,1
2024-11-25,418.79,418.38,421.08,414.85,,0.43%,418.79,418.79,0.004292565947242366,0.004283379166561803,416.09999999999997,419.1280952380953,7.2991585946923845,417.0,,427.99,1
2024-11-26,427.99,419.58,429.04,418.85,,2.20%,427.99,427.99,0.02196805081305664,0.02173022985749851,417.9557142857143,419.1947619047619,7.376700901519033,418.79,,422.99,0
2024-11-27,422.99,425.11,427.23,422.02,,-1.17%,422.99,422.99,-0.011682515946634275,-0.011751292717967056,418.98857142857145,418.76809523809527,6.841780191622054,427.99,,423.46,1
2024-11-29,423.46,420.09,424.88,417.8,,0.11%,423.46,423.46,0.0011111373791341528,0.0011105205228955624,419.79857142857145,418.33619047619044,6.184277222271067,422.99,,430.98,1
2024-12-02,430.98,421.57,433.0,421.31,,1.78%,430.98,430.98,0.017758465970811876,0.01760262668697498,422.01142857142855,419.50904761904764,6.132761942845528,423.46,,431.2,1
2024-12-03,431.2,429.84,432.47,427.74,,0.05%,431.2,431.2,0.0005104645227156368,0.0005103342800221258,424.63,420.5009523809524,6.26382543240263,430.98,,437.42,1
2024-12-04,437.42,433.03,439.67,432.63,,1.44%,437.42,437.42,0.014424860853432309,0.01432181233961893,427.54714285714283,421.88,6.655984525221968,431.2,,442.62,1
2024-12-05,442.62,437.92,444.66,436.17,,1.19%,442.62,442.62,0.011887888070961417,0.011817782189859459,430.9514285714286,423.3638095238096,7.6202962384607025,437.42,,443.57,1
